<?xml version="1.0" encoding="UTF-8" ?>
<!DOCTYPE mapper PUBLIC "-//mybatis.org//DTD Mapper 3.0//EN" "http://mybatis.org/dtd/mybatis-3-mapper.dtd" >
<mapper namespace="com.github.gate.back.mapper.GateClientMapper" >
  <resultMap id="BaseResultMap" type="com.github.gate.back.entity.GateClient" >
    <!--
      WARNING -
    -->
    <id column="id" property="id" jdbcType="INTEGER" />
    <result column="code" property="code" jdbcType="VARCHAR" />
    <result column="secret" property="secret" jdbcType="VARCHAR" />
    <result column="name" property="name" jdbcType="VARCHAR" />
    <result column="locked" property="locked" jdbcType="CHAR" />
    <result column="description" property="description" jdbcType="VARCHAR" />
    <result column="crt_time" property="crtTime" jdbcType="DATE" />
    <result column="crt_user" property="crtUser" jdbcType="VARCHAR" />
    <result column="crt_name" property="crtName" jdbcType="VARCHAR" />
    <result column="crt_host" property="crtHost" jdbcType="VARCHAR" />
    <result column="upd_time" property="updTime" jdbcType="DATE" />
    <result column="upd_user" property="updUser" jdbcType="VARCHAR" />
    <result column="upd_name" property="updName" jdbcType="VARCHAR" />
    <result column="upd_host" property="updHost" jdbcType="VARCHAR" />
    <result column="attr1" property="attr1" jdbcType="VARCHAR" />
    <result column="attr2" property="attr2" jdbcType="VARCHAR" />
    <result column="attr3" property="attr3" jdbcType="VARCHAR" />
    <result column="attr4" property="attr4" jdbcType="VARCHAR" />
    <result column="attr5" property="attr5" jdbcType="VARCHAR" />
    <result column="attr6" property="attr6" jdbcType="VARCHAR" />
    <result column="attr7" property="attr7" jdbcType="VARCHAR" />
    <result column="attr8" property="attr8" jdbcType="VARCHAR" />
  </resultMap>
  <insert id="insertClientServiceById">
    insert into gate_client_service (
    client_id,service_id
    )
    values(
    #{clientId},#{serviceId}
    )
  </insert>
  <delete id="deleteClientServiceById">
    delete from gate_client_service where client_id = #{clientId}
  </delete>
</mapper>