<?xml version="1.0" encoding="UTF-8"?>
<!DOCTYPE mapper PUBLIC "-//mybatis.org//DTD Mapper 3.0//EN" "http://mybatis.org/dtd/mybatis-3-mapper.dtd">
<mapper namespace="com.github.gate.back.mapper.ResourceAuthorityMapper">
  <resultMap id="BaseResultMap" type="com.github.gate.back.entity.ResourceAuthority">
    <!--
      WARNING -
    -->
    <id column="id" jdbcType="INTEGER" property="id" />
    <result column="authority_id" jdbcType="VARCHAR" property="authorityId" />
    <result column="authority_type" jdbcType="VARCHAR" property="authorityType" />
    <result column="resource_id" jdbcType="VARCHAR" property="resourceId" />
    <result column="resource_type" jdbcType="VARCHAR" property="resourceType" />
    <result column="parent_id" jdbcType="INTEGER" property="parentId" />
    <result column="path" jdbcType="VARCHAR" property="path" />
    <result column="description" jdbcType="VARCHAR" property="description" />
    <result column="crt_time" jdbcType="DATE" property="crtTime" />
    <result column="crt_user" jdbcType="VARCHAR" property="crtUser" />
    <result column="crt_name" jdbcType="VARCHAR" property="crtName" />
    <result column="crt_host" jdbcType="VARCHAR" property="crtHost" />
    <result column="attr1" jdbcType="VARCHAR" property="attr1" />
    <result column="attr2" jdbcType="VARCHAR" property="attr2" />
    <result column="attr3" jdbcType="VARCHAR" property="attr3" />
    <result column="attr4" jdbcType="VARCHAR" property="attr4" />
    <result column="attr5" jdbcType="VARCHAR" property="attr5" />
    <result column="attr6" jdbcType="VARCHAR" property="attr6" />
    <result column="attr7" jdbcType="VARCHAR" property="attr7" />
    <result column="attr8" jdbcType="VARCHAR" property="attr8" />
  </resultMap>
  <delete id="deleteByAuthorityIdAndResourceType">
    delete from base_resource_authority where authority_id = #{authorityId} and resource_type = #{resourceType}
  </delete>
</mapper>